feature,f1_macro
_server_freq,0.9348739495798319
phone_count,0.9032258064516129
_ext_enc,0.80625
pattern_count,0.7181818181818183
email_count,0.7047619047619047
ssn_count,0.6889632107023411
